{"version": 2, "width": 111, "height": 29, "timestamp": 1595644586, "env": {"SHELL": "/usr/local/bin/zsh", "TERM": "xterm-256color"}}
[0.096645, "o", "\u001b]7;file://dafan.lan/Users/dafan/soft/go/src/iamfan.net/ncmtest\u0007"]
[0.365047, "o", "\u001b[1m\u001b[7m%\u001b[27m\u001b[1m\u001b[0m                                                                                                              \r \r"]
[0.365948, "o", "\u001b]7;file://dafan.lan/Users/dafan/soft/go/src/iamfan.net/ncmtest\u0007"]
[0.365986, "o", "\u001b]2;dafan@dafan\u0007"]
[0.366007, "o", "\u001b]1;..n.net/ncmtest\u0007"]
[0.368173, "o", "\u001b]7;file://dafan.lan/Users/dafan/soft/go/src/iamfan.net/ncmtest\u0007"]
[0.464834, "o", "\r\u001b[0m\u001b[27m\u001b[24m\u001b[J╭─\u001b[1m\u001b[32mdafan@dafan\u001b[00m \u001b[1m\u001b[34m~/soft/go/src/iamfan.net/ncmtest\u001b[00m \u001b[31m‹›\u001b[00m \u001b[33m‹master*› \u001b[00m\u001b[00m\r\n╰─\u001b[1m$\u001b[0m "]
[0.465014, "o", "\u001b[K\u001b[106C\u001b[1m\u001b[0m\u001b[106D"]
[0.465157, "o", "\u001b[?1h\u001b=\u001b[?2004h"]
[1.45391, "o", "g\u001b[92mit status\u001b[39m\u001b[9D"]
[1.672083, "o", "\bg\u001b[39mi"]
[1.828193, "o", "\u001b[39mt"]
[1.90811, "o", "\u001b[39m "]
[2.161811, "o", "\u001b[39ms"]
[2.383287, "o", "\u001b[39mt"]
[2.600085, "o", "\u001b[39ma"]
[2.809795, "o", "\u001b[39mt"]
[3.083638, "o", "\u001b[39mu"]
[3.270984, "o", "\u001b[39ms"]
[3.538915, "o", "\u001b[?1l\u001b>"]
[3.539148, "o", "\u001b[?2004l\r\r\n"]
[3.540153, "o", "\u001b]2;git status\u0007\u001b]1;git\u0007"]
[3.558806, "o", "On branch master\r\n"]
[3.559085, "o", "Your branch is up to date with 'origin/master'.\r\n\r\nUntracked files:\r\n  (use \"git add <file>...\" to include in what will be committed)\r\n"]
[3.559256, "o", "\t\u001b[31mreadme.md\u001b[m\r\n\r\nnothing added to commit but untracked files present (use \"git add\" to track)\r\n"]
[3.559673, "o", "\u001b[1m\u001b[7m%\u001b[27m\u001b[1m\u001b[0m                                                                                                              \r \r"]
[3.560617, "o", "\u001b]7;file://dafan.lan/Users/dafan/soft/go/src/iamfan.net/ncmtest\u0007"]
[3.560748, "o", "\u001b]2;dafan@dafan\u0007"]
[3.56088, "o", "\u001b]1;..n.net/ncmtest\u0007"]
[3.563896, "o", "\u001b]7;file://dafan.lan/Users/dafan/soft/go/src/iamfan.net/ncmtest\u0007"]
[3.641454, "o", "\r\u001b[0m\u001b[27m\u001b[24m\u001b[J╭─\u001b[1m\u001b[32mdafan@dafan\u001b[00m \u001b[1m\u001b[34m~/soft/go/src/iamfan.net/ncmtest\u001b[00m \u001b[31m‹›\u001b[00m \u001b[33m‹master*› \u001b[00m\u001b[00m\r\n╰─\u001b[1m$\u001b[0m \u001b[K\u001b[106C\u001b[1m\u001b[0m\u001b[106D"]
[3.64161, "o", "\u001b[?1h\u001b=\u001b[?2004h"]
[4.895971, "o", "g\u001b[92mit status\u001b[39m\u001b[9D"]
[5.067876, "o", "\bg\u001b[39mi"]
[5.196139, "o", "\u001b[39mt"]
[5.303075, "o", "\u001b[39m "]
[5.568965, "o", "\u001b[39ma\u001b[92md\u001b[92md\u001b[92m \u001b[92mr\u001b[92me\u001b[92madme.md\u001b[39m\u001b[12D"]
[5.811993, "o", "\u001b[39md"]
[5.990662, "o", "\u001b[39md"]
[6.499355, "o", "\u001b[39m "]
[7.176458, "o", "\u001b[39mr"]
[7.374912, "o", "\u001b[39me"]
[7.757598, "o", "\u001b[39ma"]
[7.974931, "o", "\u001b[39md"]
[8.260587, "o", "\u001b[39mm"]
[8.636727, "o", "\u001b[39me"]
[8.881953, "o", "\u001b[39m."]
[9.139977, "o", "\u001b[39mm"]
[9.247712, "o", "\u001b[39md"]
[9.78865, "o", "\u001b[?1l\u001b>\u001b[?2004l"]
[9.788848, "o", "\r\r\n"]
[9.789551, "o", "\u001b]2;git add readme.md\u0007\u001b]1;git\u0007"]
[9.802614, "o", "\u001b[1m\u001b[7m%\u001b[27m\u001b[1m\u001b[0m                                                                                                              \r \r"]
[9.80434, "o", "\u001b]7;file://dafan.lan/Users/dafan/soft/go/src/iamfan.net/ncmtest\u0007"]
[9.804664, "o", "\u001b]2;dafan@dafan\u0007\u001b]1;..n.net/ncmtest\u0007"]
[9.808284, "o", "\u001b]7;file://dafan.lan/Users/dafan/soft/go/src/iamfan.net/ncmtest\u0007"]
[9.885415, "o", "\r\u001b[0m\u001b[27m\u001b[24m\u001b[J╭─\u001b[1m\u001b[32mdafan@dafan\u001b[00m \u001b[1m\u001b[34m~/soft/go/src/iamfan.net/ncmtest\u001b[00m \u001b[31m‹›\u001b[00m \u001b[33m‹master*› \u001b[00m\u001b[00m\r\n╰─\u001b[1m$\u001b[0m \u001b[K\u001b[106C\u001b[1m\u001b[0m\u001b[106D"]
[9.885579, "o", "\u001b[?1h\u001b=\u001b[?2004h"]
[11.856873, "o", "n\u001b[92mcm\u001b[39m\b\b"]
[12.122759, "o", "\bn\u001b[39mc"]
[12.355694, "o", "\u001b[39mm"]
[12.775133, "o", "\u001b[?1l\u001b>\u001b[?2004l"]
[12.775206, "o", "\r\r\n"]
[12.776142, "o", "\u001b]2;ncm\u0007\u001b]1;ncm\u0007"]
[12.800742, "o", "\u001b[0G\u001b[2K"]
[12.801831, "o", "\u001b[1;92m? \u001b[0m\u001b[1;99mSelect the type of change that you're committing:\u001b[0m  \u001b[36m[Use arrows to move, type to filter]\u001b[0m\r\n\u001b[1;36m> feat:      A new feature\u001b[0m\r\n\u001b[39m  fix:       A bug fix\u001b[0m\r\n\u001b[39m  docs:      Documentation only changes\u001b[0m\r\n\u001b[39m  style:     Changes that do not affect the meaning of the code (white-space, formatting, missing semi-colons, etc) \u001b[0m\r\n\u001b[39m  refactor:  A code change that neither fixes a bug nor adds a feature\u001b[0m\r\n\u001b[39m  perf:      A code change that improves performance \u001b[0m\r\n\u001b[39m  test:      Adding missing tests or correcting existing tests\u001b[0m\r\n\u001b[39m  build:     Changes that affect the build system or external dependencies (example scopes: gulp, broccoli, npm)\u001b[0m\r\n\u001b[39m  ci:        Changes to our CI configuration files and scripts (example scopes: Travis, Circle, BrowserStack, SauceLabs)\u001b[0m\r\n\u001b[39m  chore:     Other changes that don't modify src or test files\u001b[0m\r\n\u001b[39m  revert:    Reverts a previous commit\u001b[0m\r\n\u001b[?25l"]
[14.20692, "o", "\u001b[0G\u001b[2K\u001b[1F\u001b[2K\u001b[1F\u001b[2K\u001b[1F\u001b[2K\u001b[1F\u001b[2K\u001b[1F\u001b[2K\u001b[1F"]
[14.207141, "o", "\u001b[2K\u001b[1F\u001b[2K\u001b[1F\u001b[2K\u001b[1F\u001b[2K\u001b[1F\u001b[2K\u001b[1F\u001b[2K\u001b[1F\u001b[2K\u001b[1F\u001b[2K\u001b[1F\u001b[2K\u001b[1F\u001b[2K"]
[14.207308, "o", "\u001b[1;92m? \u001b[0m\u001b[1;99mSelect the type of change that you're committing:\u001b[0m  \u001b[36m[Use arrows to move, type to filter]\u001b[0m\r\n\u001b[39m  feat:      A new feature\u001b[0m\r\n\u001b[1;36m> fix:       A bug fix\u001b[0m\r\n\u001b[39m  docs:      Documentation only changes\u001b[0m\r\n\u001b[39m  style:     Changes that do not affect the meaning of the code (white-space, formatting, missing semi-colons, etc) \u001b[0m\r\n\u001b[39m  refactor:  A code change that neither fixes a bug nor adds a feature\u001b[0m\r\n\u001b[39m  perf:      A code change that improves performance \u001b[0m\r\n\u001b[39m  test:      Adding missing tests or correcting existing tests\u001b[0m\r\n\u001b[39m  build:     Changes that affect the build system or external dependencies (example scopes: gulp, broccoli, npm)\u001b[0m\r\n\u001b[39m  ci:        Changes to our CI configuration files and scripts (example scopes: Travis, Circle, BrowserStack, SauceLabs)\u001b[0m\r\n\u001b[39m  chore:     Other changes that don't modify src or test files\u001b[0m\r\n\u001b[39m  revert:    Reverts a previous commit\u001b[0m\r\n"]
[14.530851, "o", "\u001b[0G\u001b[2K\u001b[1F\u001b[2K\u001b[1F\u001b[2K\u001b[1F"]
[14.53105, "o", "\u001b[2K\u001b[1F\u001b[2K\u001b[1F\u001b[2K\u001b[1F\u001b[2K\u001b[1F\u001b[2K\u001b[1F\u001b[2K\u001b[1F\u001b[2K\u001b[1F\u001b[2K\u001b[1F\u001b[2K\u001b[1F\u001b[2K\u001b[1F\u001b[2K\u001b[1F\u001b[2K\u001b[1F\u001b[2K"]
