{"version": 2, "width": 111, "height": 29, "timestamp": 1595645216, "env": {"SHELL": "/usr/local/bin/zsh", "TERM": "xterm-256color"}}
[0.099744, "o", "\u001b]7;file://dafan.lan/Users/dafan/soft/go/src/iamfan.net/ncmtest\u0007"]
[0.367514, "o", "\u001b[1m\u001b[7m%\u001b[27m\u001b[1m\u001b[0m                                                                                                              \r \r"]
[0.368417, "o", "\u001b]7;file://dafan.lan/Users/dafan/soft/go/src/iamfan.net/ncmtest\u0007"]
[0.368538, "o", "\u001b]2;dafan@dafan\u0007\u001b]1;..n.net/ncmtest\u0007"]
[0.370663, "o", "\u001b]7;file://dafan.lan/Users/dafan/soft/go/src/iamfan.net/ncmtest\u0007"]
[0.475178, "o", "\r\u001b[0m\u001b[27m\u001b[24m\u001b[J╭─\u001b[1m\u001b[32mdafan@dafan\u001b[00m \u001b[1m\u001b[34m~/soft/go/src/iamfan.net/ncmtest\u001b[00m \u001b[31m‹›\u001b[00m \u001b[33m‹master*› \u001b[00m\u001b[00m\r\n╰─\u001b[1m$\u001b[0m \u001b[K\u001b[106C\u001b[1m\u001b[0m\u001b[106D"]
[0.4754, "o", "\u001b[?1h\u001b="]
[0.475538, "o", "\u001b[?2004h"]
[1.300763, "o", "g\u001b[92mit status\u001b[39m\u001b[9D"]
[1.557855, "o", "\bg\u001b[39mi"]
[1.688393, "o", "\u001b[39mt"]
[1.808423, "o", "\u001b[39m "]
[2.016639, "o", "\u001b[39ms"]
[2.232709, "o", "\u001b[39mt"]
[2.452696, "o", "\u001b[39ma"]
[2.602439, "o", "\u001b[39mt"]
[2.856547, "o", "\u001b[39mu"]
[3.05657, "o", "\u001b[39ms"]
[3.594281, "o", "\u001b[?1l\u001b>"]
[3.594339, "o", "\u001b[?2004l\r\r\n"]
[3.595447, "o", "\u001b]2;git status\u0007\u001b]1;git\u0007"]
[3.614359, "o", "On branch master\r\n"]
[3.614887, "o", "Your branch is up to date with 'origin/master'.\r\n\r\nUntracked files:\r\n  (use \"git add <file>...\" to include in what will be committed)\r\n"]
[3.615002, "o", "\t\u001b[31mreadme.md\u001b[m\r\n\t\u001b[31mreadme_cn.md\u001b[m\r\n\r\nnothing added to commit but untracked files present (use \"git add\" to track)\r\n"]
[3.615436, "o", "\u001b[1m\u001b[7m%\u001b[27m\u001b[1m\u001b[0m                                                                                                              \r \r"]
[3.616347, "o", "\u001b]7;file://dafan.lan/Users/dafan/soft/go/src/iamfan.net/ncmtest\u0007"]
[3.61648, "o", "\u001b]2;dafan@dafan\u0007\u001b]1;..n.net/ncmtest\u0007"]
[3.619324, "o", "\u001b]7;file://dafan.lan/Users/dafan/soft/go/src/iamfan.net/ncmtest\u0007"]
[3.695436, "o", "\r\u001b[0m\u001b[27m\u001b[24m\u001b[J╭─\u001b[1m\u001b[32mdafan@dafan\u001b[00m \u001b[1m\u001b[34m~/soft/go/src/iamfan.net/ncmtest\u001b[00m \u001b[31m‹›\u001b[00m \u001b[33m‹master*› \u001b[00m\u001b[00m\r\n╰─\u001b[1m$\u001b[0m \u001b[K\u001b[106C\u001b[1m\u001b[0m\u001b[106D"]
[3.695603, "o", "\u001b[?1h\u001b=\u001b[?2004h"]
[5.158159, "o", "n\u001b[92mcm\u001b[39m\b\b"]
[5.430758, "o", "\bn\u001b[39mc"]
[5.68263, "o", "\u001b[39mm"]
[5.82481, "o", " \u001b[92madd .\u001b[39m\b\b\b\b\b"]
[6.032257, "o", "\u001b[39ma"]
[6.259329, "o", "\u001b[39md"]
[6.499376, "o", "\u001b[39md"]
[6.842269, "o", "\u001b[39m "]
[7.870826, "o", "\u001b[39m."]
[8.517226, "o", "\u001b[?1l\u001b>\u001b[?2004l\r\r\n"]
[8.518101, "o", "\u001b]2;ncm add .\u0007\u001b]1;ncm\u0007"]
[8.566706, "o", "\u001b[0G\u001b[2K"]
[8.573932, "o", "\u001b[1;92m? \u001b[0m\u001b[1;99mSelect the type of change that you're committing:\u001b[0m  \u001b[36m[Use arrows to move, type to filter]\u001b[0m\r\n\u001b[1;36m> feat:      A new feature\u001b[0m\r\n\u001b[39m  fix:       A bug fix\u001b[0m\r\n\u001b[39m  docs:      Documentation only changes\u001b[0m\r\n\u001b[39m  style:     Changes that do not affect the meaning of the code (white-space, formatting, missing semi-colons, etc) \u001b[0m\r\n\u001b[39m  refactor:  A code change that neither fixes a bug nor adds a feature\u001b[0m\r\n\u001b[39m  perf:      A code change that improves performance \u001b[0m\r\n\u001b[39m  test:      Adding missing tests or correcting existing tests\u001b[0m\r\n\u001b[39m  build:     Changes that affect the build system or external dependencies (example scopes: gulp, broccoli, npm)\u001b[0m\r\n\u001b[39m  ci:        Changes to our CI configuration files and scripts (example scopes: Travis, Circle, BrowserStack, SauceLabs)\u001b[0m\r\n\u001b[39m  chore:     Other changes that don't modify src or test files\u001b[0m\r\n\u001b[39m  revert:    Reverts a previous commit\u001b[0m\r\n"]
[8.574171, "o", "\u001b[?25l"]
[10.512978, "o", "\u001b[0G\u001b[2K\u001b[1F\u001b[2K\u001b[1F\u001b[2K\u001b[1F\u001b[2K\u001b[1F\u001b[2K\u001b[1F\u001b[2K\u001b[1F\u001b[2K\u001b[1F\u001b[2K\u001b[1F\u001b[2K"]
[10.513093, "o", "\u001b[1F\u001b[2K\u001b[1F\u001b[2K\u001b[1F\u001b[2K\u001b[1F\u001b[2K\u001b[1F\u001b[2K\u001b[1F\u001b[2K\u001b[1F\u001b[2K"]
[10.513351, "o", "\u001b[1;92m? \u001b[0m\u001b[1;99mSelect the type of change that you're committing:\u001b[0m  \u001b[36m[Use arrows to move, type to filter]\u001b[0m\r\n\u001b[39m  feat:      A new feature\u001b[0m\r\n\u001b[1;36m> fix:       A bug fix\u001b[0m\r\n\u001b[39m  docs:      Documentation only changes\u001b[0m\r\n\u001b[39m  style:     Changes that do not affect the meaning of the code (white-space, formatting, missing semi-colons, etc) \u001b[0m\r\n\u001b[39m  refactor:  A code change that neither fixes a bug nor adds a feature\u001b[0m\r\n\u001b[39m  perf:      A code change that improves performance \u001b[0m\r\n\u001b[39m  test:      Adding missing tests or correcting existing tests\u001b[0m\r\n\u001b[39m  build:     Changes that affect the build system or external dependencies (example scopes: gulp, broccoli, npm)\u001b[0m\r\n\u001b[39m  ci:        Changes to our CI configuration files and scripts (example scopes: Travis, Circle, BrowserStack, SauceLabs)\u001b[0m\r\n\u001b[39m  chore:     Other changes that don't modify src or test files\u001b[0m\r\n\u001b[39m  revert:    Reverts a previous commit\u001b[0m\r\n"]
[10.820547, "o", "\u001b[0G\u001b[2K\u001b[1F\u001b[2K\u001b[1F\u001b[2K\u001b[1F\u001b[2K\u001b[1F\u001b[2K\u001b[1F\u001b[2K\u001b[1F\u001b[2K"]
[10.820746, "o", "\u001b[1F\u001b[2K\u001b[1F\u001b[2K\u001b[1F\u001b[2K\u001b[1F\u001b[2K\u001b[1F\u001b[2K\u001b[1F\u001b[2K\u001b[1F\u001b[2K\u001b[1F\u001b[2K\u001b[1F\u001b[2K"]
[10.821014, "o", "\u001b[1;92m? \u001b[0m\u001b[1;99mSelect the type of change that you're committing:\u001b[0m  \u001b[36m[Use arrows to move, type to filter]\u001b[0m\r\n\u001b[39m  feat:      A new feature\u001b[0m\r\n\u001b[39m  fix:       A bug fix\u001b[0m\r\n\u001b[1;36m> docs:      Documentation only changes\u001b[0m\r\n\u001b[39m  style:     Changes that do not affect the meaning of the code (white-space, formatting, missing semi-colons, etc) \u001b[0m\r\n\u001b[39m  refactor:  A code change that neither fixes a bug nor adds a feature\u001b[0m\r\n\u001b[39m  perf:      A code change that improves performance \u001b[0m\r\n\u001b[39m  test:      Adding missing tests or correcting existing tests\u001b[0m\r\n\u001b[39m  build:     Changes that affect the build system or external dependencies (example scopes: gulp, broccoli, npm)\u001b[0m\r\n\u001b[39m  ci:        Changes to our CI configuration files and scripts (example scopes: Travis, Circle, BrowserStack, SauceLabs)\u001b[0m\r\n\u001b[39m  chore:     Other changes that don't modify src or test files\u001b[0m\r\n\u001b[39m  revert:    Reverts a previous commit\u001b[0m\r\n"]
[11.43044, "o", "\u001b[?25h\u001b[0G\u001b[2K\u001b[1F\u001b[2K\u001b[1F"]
[11.430564, "o", "\u001b[2K\u001b[1F\u001b[2K\u001b[1F\u001b[2K\u001b[1F\u001b[2K\u001b[1F\u001b[2K\u001b[1F\u001b[2K\u001b[1F\u001b[2K\u001b[1F\u001b[2K\u001b[1F\u001b[2K\u001b[1F\u001b[2K\u001b[1F\u001b[2K\u001b[1F\u001b[2K\u001b[1F\u001b[2K\u001b[1F\u001b[2K"]
[11.430642, "o", "\u001b[1;92m? \u001b[0m\u001b[1;99mSelect the type of change that you're committing:\u001b[0m\u001b[36m docs:      Documentation only changes\u001b[0m\r\n"]
[11.430889, "o", "\u001b[0G\u001b[2K"]
