{"version": 2, "width": 110, "height": 9, "timestamp": 1595606577, "env": {"SHELL": "/usr/local/bin/zsh", "TERM": "xterm-256color"}}
[0.080454, "o", "\u001b]7;file://dafan.lan/Users/dafan\u0007"]
[0.33344, "o", "\u001b[1m\u001b[7m%\u001b[27m\u001b[1m\u001b[0m                                                                                                             \r \r"]
[0.334105, "o", "\u001b]7;file://dafan.lan/Users/dafan\u0007"]
[0.334415, "o", "\u001b]2;dafan@dafan\u0007\u001b]1;~\u0007"]
[0.336373, "o", "\u001b]7;file://dafan.lan/Users/dafan\u0007"]
[0.422408, "o", "\r\u001b[0m\u001b[27m\u001b[24m\u001b[J╭─\u001b[1m\u001b[32mdafan@dafan\u001b[00m \u001b[1m\u001b[34m~\u001b[00m \u001b[31m‹›\u001b[00m \u001b[00m\r\n╰─\u001b[1m$\u001b[0m "]
[0.422468, "o", "\u001b[K\u001b[105C\u001b[1m\u001b[0m\u001b[105D"]
[0.422616, "o", "\u001b[?1h\u001b="]
[0.422739, "o", "\u001b[?2004h"]
[1.046154, "o", "n"]
[1.320351, "o", "\bnc\u001b[92mm info\u001b[39m\b\b\b\b\b\b"]
[1.70733, "o", "\u001b[39mm"]
[1.866198, "o", "\u001b[39m "]
[1.99626, "o", "\u001b[39mi"]
[2.174273, "o", "\u001b[39mn"]
[2.362477, "o", "\u001b[39mf"]
[2.582252, "o", "\u001b[39mo"]
[2.892122, "o", "\u001b[?1l\u001b>"]
[2.892179, "o", "\u001b[?2004l\r\r\n"]
[2.893463, "o", "\u001b]2;ncm info\u0007\u001b]1;ncm\u0007"]
[2.955591, "o", "\u001b[32m   date: 2020-07-24 23:43:19\r\n\u001b[0m\u001b[32m commit: 182204be97b88770217aeaa107f4d406229905d8\r\n\u001b[0m\u001b[32m author: mydfgg@gamil.com\r\n\u001b[0m\u001b[32mversion: 0.1.0\r\n\u001b[0m\u001b[32mbuiltBy: goreleaser\r\n\u001b[0m"]
[2.956531, "o", "\u001b[1m\u001b[7m%\u001b[27m\u001b[1m\u001b[0m                                                                                                             \r \r"]
[2.956835, "o", "\u001b]7;file://dafan.lan/Users/dafan\u0007"]
[2.956962, "o", "\u001b]2;dafan@dafan\u0007\u001b]1;~\u0007"]
[2.958961, "o", "\u001b]7;file://dafan.lan/Users/dafan\u0007"]
[3.013451, "o", "\r\u001b[0m\u001b[27m\u001b[24m\u001b[J╭─\u001b[1m\u001b[32mdafan@dafan\u001b[00m \u001b[1m\u001b[34m~\u001b[00m \u001b[31m‹›\u001b[00m \u001b[00m\r\n╰─\u001b[1m$\u001b[0m \u001b[K\u001b[105C\u001b[1m\u001b[0m\u001b[105D"]
[3.01351, "o", "\u001b[?1h\u001b="]
[3.013711, "o", "\u001b[?2004h"]
[4.229233, "o", "\u001b[?2004l\r\r\n"]
