{"version": 2, "width": 112, "height": 25, "timestamp": 1595692406, "env": {"SHELL": "/usr/local/bin/zsh", "TERM": "xterm-256color"}}
[0.315223, "o", "\u001b[1m\u001b[7m%\u001b[27m\u001b[1m\u001b[0m                                                                                                               \r \r\u001b]2;dafan@dafan: ~\u0007"]
[0.316397, "o", "\u001b]1;~\u0007"]
[0.401573, "o", "\r\u001b[0m\u001b[27m\u001b[24m\u001b[J╭─\u001b[1m\u001b[32mdafan@dafan\u001b[00m \u001b[1m\u001b[34m~\u001b[00m \u001b[31m‹›\u001b[00m \u001b[00m\r\n╰─\u001b[1m$\u001b[0m \u001b[K\u001b[107C\u001b[1m\u001b[0m\u001b[107D"]
[0.401775, "o", "\u001b[?1h\u001b="]
[0.401887, "o", "\u001b[?2004h"]
[1.090049, "o", "n\u001b[92mcm -h\u001b[39m\b\b\b\b\b"]
[1.269604, "o", "\bn\u001b[39mc"]
[1.500708, "o", "\u001b[39mm"]
[1.672212, "o", "\u001b[39m "]
[2.318805, "o", "\u001b[39m-"]
[2.740642, "o", "\u001b[39mh"]
[3.19385, "o", "\u001b[?1l\u001b>"]
[3.193929, "o", "\u001b[?2004l\r\r\n"]
[3.194996, "o", "\u001b]2;ncm -h\u0007\u001b]1;ncm\u0007"]
[3.256862, "o", "message generation and verification of git commit\r\n\r\n"]
[3.257461, "o", "Usage:\r\n  ncm [flags]\r\n  ncm [command]\r\n\r\nAvailable Commands:\r\n  add         Add file(s) to stage and commit\r\n  check       Run git commit hook\r\n  help        Help about any command\r\n  info        Show info\r\n  init        Initialize the hook\r\n  uninit      Uninitialize the hook\r\n  upgrade     Upgrader new version\r\n\r\nFlags:\r\n  -h, --help      help for ncm\r\n  -v, --version   version for ncm\r\n\r\nUse \"ncm [command] --help\" for more information about a command.\r\n"]
[3.258287, "o", "\u001b[1m\u001b[7m%\u001b[27m\u001b[1m\u001b[0m                                                                                                               \r \r"]
[3.258391, "o", "\u001b]2;dafan@dafan: ~\u0007\u001b]1;~\u0007"]
[3.313891, "o", "\r\u001b[0m\u001b[27m\u001b[24m\u001b[J╭─\u001b[1m\u001b[32mdafan@dafan\u001b[00m \u001b[1m\u001b[34m~\u001b[00m \u001b[31m‹›\u001b[00m \u001b[00m\r\n╰─\u001b[1m$\u001b[0m \u001b[K\u001b[107C\u001b[1m\u001b[0m\u001b[107D"]
[3.313959, "o", "\u001b[?1h\u001b="]
[3.314104, "o", "\u001b[?2004h"]
[5.492119, "o", "\u001b[?2004l\r\r\n"]
