{"version": 2, "width": 102, "height": 18, "timestamp": 1595747008, "env": {"SHELL": "/usr/local/bin/zsh", "TERM": "xterm-256color"}}
[0.088239, "o", "\u001b]7;file://dafan.lan/Users/dafan\u0007"]
[0.386474, "o", "\u001b[1m\u001b[7m%\u001b[27m\u001b[1m\u001b[0m                                                                                                     \r \r"]
[0.386983, "o", "\u001b]7;file://dafan.lan/Users/dafan\u0007"]
[0.387144, "o", "\u001b]2;dafan@dafan\u0007\u001b]1;~\u0007"]
[0.389321, "o", "\u001b]7;file://dafan.lan/Users/dafan\u0007"]
[0.48429, "o", "\r\u001b[0m\u001b[27m\u001b[24m\u001b[J╭─\u001b[1m\u001b[32mdafan@dafan\u001b[00m \u001b[1m\u001b[34m~\u001b[00m \u001b[31m‹›\u001b[00m \u001b[00m\r\n╰─\u001b[1m$\u001b[0m \u001b[K\u001b[97C\u001b[1m\u001b[0m\u001b[97D"]
[0.48454, "o", "\u001b[?1h\u001b="]
[0.484695, "o", "\u001b[?2004h"]
[0.904741, "o", "s\u001b[92mource <(curl -LkSs sh.ncm.ink)\u001b[39m\u001b[30D"]
[1.030732, "o", "\bs\u001b[39mo"]
[1.183628, "o", "\u001b[39mu"]
[1.362246, "o", "\u001b[39mr"]
[1.572528, "o", "\u001b[39mc"]
[1.715829, "o", "\u001b[39me"]
[1.92296, "o", "\u001b[39m "]
[2.286013, "o", "\u001b[39m<"]
[3.143342, "o", "\u001b[39m("]
[3.382549, "o", "\u001b[39mc"]
[3.553813, "o", "\u001b[39mu"]
[3.697827, "o", "\u001b[39mr"]
[3.869062, "o", "\u001b[39ml"]
[4.06069, "o", "\u001b[39m "]
[4.499257, "o", "\u001b[39m-"]
[4.90327, "o", "\u001b[39mL"]
[5.590916, "o", "\u001b[39mk"]
[6.066263, "o", "\u001b[39mS"]
[6.513014, "o", "\u001b[39ms"]
[6.642274, "o", "\u001b[39m "]
[6.847734, "o", "\u001b[39ms"]
[6.965685, "o", "\u001b[39mh"]
[7.210172, "o", "\u001b[39m."]
[7.458291, "o", "\u001b[39mn"]
[7.553835, "o", "\u001b[39mc"]
[7.785752, "o", "\u001b[39mm"]
[8.029644, "o", "\u001b[39m."]
[8.263001, "o", "\u001b[39mi"]
[8.477689, "o", "\u001b[39mn"]
[8.669934, "o", "\u001b[39mk"]
[9.245064, "o", "\u001b[39m)"]
[9.55084, "o", "\u001b[?1l\u001b>"]
[9.551082, "o", "\u001b[?2004l\r\r\n"]
[9.552841, "o", "\u001b]2;source <(curl -LkSs sh.ncm.ink)\u0007\u001b]1;source\u0007"]
[10.55086, "o", "\u001b[32mdownload ncm_0.1.0_darwin_amd64.zip\u001b[0m\r\n"]
[10.555632, "o", "  % Total    % Received % Xferd  Average Speed   Time    Time  "]
[10.555785, "o", "   Time  Current\r\n                                 Dload  Upload   Total   Spent    Left  Speed\r\n\r  0     0    0     0    0     0      0  "]
[10.555856, "o", "    0 --:--:-- --:--:-- --:--:--     0"]
[11.358804, "o", "\r  0     0    0     0    0     0      0      0 -"]
[11.359169, "o", "-:--:-- --:--:-- --:--:--     0"]
[11.590503, "o", "\r100   639  100   639    0     0    617 "]
[11.59082, "o", "     0  0:00:01  0:00:01 --:--:--   617\r\n"]
[12.196714, "o", "\r  0     0    0     0    0     0      0      0 --:--:--  0:00:0"]
[12.196791, "o", "2 --:--:--     0"]
[12.607179, "o", "\r  0 3207k    0     0    0     0      0      0 "]
[12.607322, "o", "--:--:--  0:00:03 --:--:--     0"]
[13.33712, "o", "\r  5 3207k    5  169k    0     0  4"]
[13.337477, "o", "5923      0  0:01:11  0:00:03  0:01:08  148k"]
[14.469297, "o", "\r 30 3207k   30  985k    0   "]
[14.469537, "o", "  0   200k      0  0:00:15  0:00:04  0:00:11  433k"]
[14.957328, "o", "\r100 3207k  100 3207k    0     0   593k      0  0:00:05  0:"]
[14.957552, "o", "00:05 --:--:-- 1161k\r\n"]
[15.00889, "o", "\u001b[32msuccessfully installed ncm@0.1.0\u001b[0m\r\n"]
[15.009045, "o", "\u001b[1m\u001b[7m%\u001b[27m\u001b[1m\u001b[0m                                                                                                     \r \r"]
[15.009349, "o", "\u001b]7;file://dafan.lan/Users/dafan\u0007"]
[15.009481, "o", "\u001b]2;dafan@dafan\u0007\u001b]1;~\u0007"]
[15.011489, "o", "\u001b]7;file://dafan.lan/Users/dafan\u0007"]
[15.073812, "o", "\r\u001b[0m\u001b[27m\u001b[24m\u001b[J╭─\u001b[1m\u001b[32mdafan@dafan\u001b[00m \u001b[1m\u001b[34m~\u001b[00m \u001b[31m‹›\u001b[00m \u001b[00m\r\n╰─\u001b[1m$\u001b[0m \u001b[K\u001b[97C\u001b[1m\u001b[0m\u001b[97D"]
[15.07399, "o", "\u001b[?1h\u001b=\u001b[?2004h"]
[16.169459, "o", "n\u001b[92mcm info\u001b[39m\b\b\b\b\b\b\b"]
[16.379849, "o", "\bn\u001b[39mc"]
[16.646264, "o", "\u001b[39mm"]
[16.81389, "o", "\u001b[39m "]
[16.985031, "o", "\u001b[39mi"]
[17.158962, "o", "\u001b[39mn"]
[17.300207, "o", "\u001b[39mf"]
[17.456718, "o", "\u001b[39mo"]
[17.744822, "o", "\u001b[?1l\u001b>\u001b[?2004l\r\r\n"]
[17.745787, "o", "\u001b]2;ncm info\u0007\u001b]1;ncm\u0007"]
[17.978747, "o", "\u001b[32m   date: 2020-07-25 22:18:46\r\n\u001b[0m\u001b[32m commit: 7bea16b646bab0efa0954f46717224363396d1c8\r\n\u001b[0m\u001b[32m author: iamfan.net@gmail.com\r\n\u001b[0m\u001b[32mversion: 0.1.0\r\n\u001b[0m\u001b[32mbuiltBy: goreleaser\r\n\u001b[0m"]
[17.979802, "o", "\u001b[1m\u001b[7m%\u001b[27m\u001b[1m\u001b[0m                                                                                                     \r \r"]
[17.980238, "o", "\u001b]7;file://dafan.lan/Users/dafan\u0007"]
[17.980365, "o", "\u001b]2;dafan@dafan\u0007\u001b]1;~\u0007"]
[17.98271, "o", "\u001b]7;file://dafan.lan/Users/dafan\u0007"]
[18.041154, "o", "\r\u001b[0m\u001b[27m\u001b[24m\u001b[J╭─\u001b[1m\u001b[32mdafan@dafan\u001b[00m \u001b[1m\u001b[34m~\u001b[00m \u001b[31m‹›\u001b[00m \u001b[00m\r\n╰─\u001b[1m$\u001b[0m \u001b[K\u001b[97C\u001b[1m\u001b[0m\u001b[97D"]
[18.041217, "o", "\u001b[?1h\u001b="]
[18.041408, "o", "\u001b[?2004h"]
[19.37106, "o", "\u001b[?2004l\r\r\n"]
