{"version": 2, "width": 96, "height": 9, "timestamp": 1595687590, "env": {"SHELL": "/usr/local/bin/zsh", "TERM": "xterm-256color"}}
[0.368785, "o", "\u001b[1m\u001b[7m%\u001b[27m\u001b[1m\u001b[0m                                                                                               \r \r"]
[0.370306, "o", "\u001b]2;dafan@dafan: ~\u0007\u001b]1;~\u0007"]
[0.460605, "o", "\r\u001b[0m\u001b[27m\u001b[24m\u001b[J╭─\u001b[1m\u001b[32mdafan@dafan\u001b[00m \u001b[1m\u001b[34m~\u001b[00m \u001b[31m‹›\u001b[00m \u001b[00m\r\n╰─\u001b[1m$\u001b[0m \u001b[K\u001b[91C\u001b[1m\u001b[0m\u001b[91D"]
[0.460769, "o", "\u001b[?1h\u001b="]
[0.460945, "o", "\u001b[?2004h"]
[1.470965, "o", "n\u001b[92mcm info\u001b[39m\b\b\b\b\b\b\b"]
[1.708901, "o", "\bn\u001b[39mc"]
[1.920921, "o", "\u001b[39mm"]
[2.108123, "o", "\u001b[39m "]
[2.261924, "o", "\u001b[39mi"]
[2.430783, "o", "\u001b[39mn"]
[2.591117, "o", "\u001b[39mf"]
[2.757745, "o", "\u001b[39mo"]
[3.152921, "o", "\u001b[?1l\u001b>"]
[3.153121, "o", "\u001b[?2004l\r\r\n"]
[3.154406, "o", "\u001b]2;ncm info\u0007\u001b]1;ncm\u0007"]
[3.223896, "o", "\u001b[32m   date: 2020-07-25 22:18:46\r\n\u001b[0m\u001b[32m commit: 7bea16b646bab0efa0954f46717224363396d1c8\r\n\u001b[0m\u001b[32m author: iamfan.net@gmail.com\r\n\u001b[0m\u001b[32mversion: 0.1.0\r\n\u001b[0m\u001b[32mbuiltBy: goreleaser\r\n\u001b[0m"]
[3.225367, "o", "\u001b[1m\u001b[7m%\u001b[27m\u001b[1m\u001b[0m                                                                                               \r \r"]
[3.225546, "o", "\u001b]2;dafan@dafan: ~\u0007"]
[3.225712, "o", "\u001b]1;~\u0007"]
[3.289761, "o", "\r\u001b[0m\u001b[27m\u001b[24m\u001b[J╭─\u001b[1m\u001b[32mdafan@dafan\u001b[00m \u001b[1m\u001b[34m~\u001b[00m \u001b[31m‹›\u001b[00m \u001b[00m\r\n╰─\u001b[1m$\u001b[0m \u001b[K\u001b[91C\u001b[1m\u001b[0m\u001b[91D"]
[3.289821, "o", "\u001b[?1h\u001b="]
[3.290013, "o", "\u001b[?2004h"]
[4.561828, "o", "\u001b[?2004l\r\r\n"]
