{"version": 2, "width": 111, "height": 29, "timestamp": 1595645718, "env": {"SHELL": "/usr/local/bin/zsh", "TERM": "xterm-256color"}}
[0.085231, "o", "\u001b]7;file://dafan.lan/Users/dafan/soft/go/src/iamfan.net/ncmtest\u0007"]
[0.338147, "o", "\u001b[1m\u001b[7m%\u001b[27m\u001b[1m\u001b[0m                                                                                                              \r \r"]
[0.339081, "o", "\u001b]7;file://dafan.lan/Users/dafan/soft/go/src/iamfan.net/ncmtest\u0007"]
[0.339209, "o", "\u001b]2;dafan@dafan\u0007\u001b]1;..n.net/ncmtest\u0007"]
[0.341355, "o", "\u001b]7;file://dafan.lan/Users/dafan/soft/go/src/iamfan.net/ncmtest\u0007"]
[0.452949, "o", "\r\u001b[0m\u001b[27m\u001b[24m\u001b[J╭─\u001b[1m\u001b[32mdafan@dafan\u001b[00m \u001b[1m\u001b[34m~/soft/go/src/iamfan.net/ncmtest\u001b[00m \u001b[31m‹›\u001b[00m \u001b[33m‹master*› \u001b[00m\u001b[00m\r\n╰─\u001b[1m$\u001b[0m \u001b[K\u001b[106C\u001b[1m\u001b[0m\u001b[106D"]
[0.453196, "o", "\u001b[?1h\u001b="]
[0.453329, "o", "\u001b[?2004h"]
[0.911171, "o", "g\u001b[92mit status\u001b[39m\u001b[9D"]
[1.052453, "o", "\bg\u001b[39mi"]
[1.18425, "o", "\u001b[39mt"]
[1.244332, "o", "\u001b[39m "]
[1.502948, "o", "\u001b[39ms"]
[1.705342, "o", "\u001b[39mt"]
[1.89627, "o", "\u001b[39ma"]
[2.119318, "o", "\u001b[39mt"]
[2.403049, "o", "\u001b[39mu"]
[2.562266, "o", "\u001b[39ms"]
[2.752359, "o", "\u001b[?1l\u001b>"]
[2.752421, "o", "\u001b[?2004l\r\r\n"]
[2.753473, "o", "\u001b]2;git status\u0007\u001b]1;git\u0007"]
[2.772862, "o", "On branch master\r\n"]
[2.773251, "o", "Your branch is up to date with 'origin/master'.\r\n\r\nUntracked files:\r\n  (use \"git add <file>...\" to include in what will be committed)\r\n\t\u001b[31mreadme.md\u001b[m\r\n\r\nnothing added to commit but untracked files present (use \"git add\" to track)\r\n"]
[2.773924, "o", "\u001b[1m\u001b[7m%\u001b[27m\u001b[1m\u001b[0m                                                                                                              \r \r"]
[2.775071, "o", "\u001b]7;file://dafan.lan/Users/dafan/soft/go/src/iamfan.net/ncmtest\u0007"]
[2.775228, "o", "\u001b]2;dafan@dafan\u0007\u001b]1;..n.net/ncmtest\u0007"]
[2.778494, "o", "\u001b]7;file://dafan.lan/Users/dafan/soft/go/src/iamfan.net/ncmtest\u0007"]
[2.857141, "o", "\r\u001b[0m\u001b[27m\u001b[24m\u001b[J╭─\u001b[1m\u001b[32mdafan@dafan\u001b[00m \u001b[1m\u001b[34m~/soft/go/src/iamfan.net/ncmtest\u001b[00m \u001b[31m‹›\u001b[00m \u001b[33m‹master*› \u001b[00m\u001b[00m\r\n╰─\u001b[1m$\u001b[0m \u001b[K\u001b[106C\u001b[1m\u001b[0m\u001b[106D"]
[2.857315, "o", "\u001b[?1h\u001b=\u001b[?2004h"]
[4.15915, "o", "n\u001b[92mcm add readme.md\u001b[39m\u001b[16D"]
[4.382386, "o", "\bn\u001b[39mc"]
[4.60645, "o", "\u001b[39mm"]
[4.717135, "o", "\u001b[39m "]
[4.875384, "o", "\u001b[39ma"]
[5.079241, "o", "\u001b[39md"]
[5.207287, "o", "\u001b[39md"]
[5.366722, "o", "\u001b[39m "]
[5.682511, "o", "\u001b[39mr"]
[5.859188, "o", "\u001b[39me"]
[6.119906, "o", "\u001b[39ma"]
[6.298363, "o", "\u001b[39md"]
[6.523567, "o", "\u001b[39mm"]
[6.663219, "o", "\u001b[39me"]
[6.85003, "o", "\u001b[39m."]
[7.076254, "o", "\u001b[39mm"]
[7.191229, "o", "\u001b[39md"]
[7.427029, "o", "\u001b[?1l\u001b>\u001b[?2004l"]
[7.427091, "o", "\r\r\n"]
[7.427886, "o", "\u001b]2;ncm add readme.md\u0007\u001b]1;ncm\u0007"]
[7.439252, "o", "\u001b[0G\u001b[2K"]
[7.440692, "o", "\u001b[1;92m? \u001b[0m\u001b[1;99mSelect the type of change that you're committing:\u001b[0m  \u001b[36m[Use arrows to move, type to filter]\u001b[0m\r\n\u001b[1;36m> feat:      A new feature\u001b[0m\r\n\u001b[39m  fix:       A bug fix\u001b[0m\r\n\u001b[39m  docs:      Documentation only changes\u001b[0m\r\n\u001b[39m  style:     Changes that do not affect the meaning of the code (white-space, formatting, missing semi-colons, etc) \u001b[0m\r\n\u001b[39m  refactor:  A code change that neither fixes a bug nor adds a feature\u001b[0m\r\n\u001b[39m  perf:      A code change that improves performance \u001b[0m\r\n\u001b[39m  test:      Adding missing tests or correcting existing tests\u001b[0m\r\n\u001b[39m  build:     Changes that affect the build system or external dependencies (example scopes: gulp, broccoli, npm)\u001b[0m\r\n\u001b[39m  ci:        Changes to our CI configuration files and scripts (example scopes: Travis, Circle, BrowserStack, SauceLabs)\u001b[0m\r\n\u001b[39m  chore:     Other changes that don't modify src or test files\u001b[0m\r\n\u001b[39m  revert:    Reverts a previous commit\u001b[0m\r\n"]
[7.440864, "o", "\u001b[?25l"]
[9.020712, "o", "\u001b[0G\u001b[2K\u001b[1F\u001b[2K\u001b[1F\u001b[2K\u001b[1F\u001b[2K\u001b[1F\u001b[2K\u001b[1F\u001b[2K\u001b[1F\u001b[2K\u001b[1F"]
[9.020953, "o", "\u001b[2K\u001b[1F\u001b[2K\u001b[1F\u001b[2K\u001b[1F\u001b[2K\u001b[1F\u001b[2K\u001b[1F\u001b[2K\u001b[1F\u001b[2K\u001b[1F\u001b[2K\u001b[1F\u001b[2K"]
[9.021089, "o", "\u001b[1;92m? \u001b[0m\u001b[1;99mSelect the type of change that you're committing:\u001b[0m  \u001b[36m[Use arrows to move, type to filter]\u001b[0m\r\n\u001b[39m  feat:      A new feature\u001b[0m\r\n\u001b[1;36m> fix:       A bug fix\u001b[0m\r\n\u001b[39m  docs:      Documentation only changes\u001b[0m\r\n\u001b[39m  style:     Changes that do not affect the meaning of the code (white-space, formatting, missing semi-colons, etc) \u001b[0m\r\n\u001b[39m  refactor:  A code change that neither fixes a bug nor adds a feature\u001b[0m\r\n\u001b[39m  perf:      A code change that improves performance \u001b[0m\r\n\u001b[39m  test:      Adding missing tests or correcting existing tests\u001b[0m\r\n\u001b[39m  build:     Changes that affect the build system or external dependencies (example scopes: gulp, broccoli, npm)\u001b[0m\r\n\u001b[39m  ci:        Changes to our CI configuration files and scripts (example scopes: Travis, Circle, BrowserStack, SauceLabs)\u001b[0m\r\n\u001b[39m  chore:     Other changes that don't modify src or test files\u001b[0m\r\n\u001b[39m  revert:    Reverts a previous commit\u001b[0m\r\n"]
[9.207323, "o", "\u001b[0G\u001b[2K\u001b[1F\u001b[2K\u001b[1F\u001b[2K\u001b[1F\u001b[2K\u001b[1F\u001b[2K\u001b[1F\u001b[2K\u001b[1F\u001b[2K\u001b[1F\u001b[2K\u001b[1F\u001b[2K\u001b[1F\u001b[2K\u001b[1F\u001b[2K\u001b[1F\u001b[2K\u001b[1F\u001b[2K\u001b[1F\u001b[2K\u001b[1F\u001b[2K"]
[9.207624, "o", "\u001b[1F\u001b[2K"]
[9.207772, "o", "\u001b[1;92m? \u001b[0m\u001b[1;99mSelect the type of change that you're committing:\u001b[0m  \u001b[36m[Use arrows to move, type to filter]\u001b[0m\r\n\u001b[39m  feat:      A new feature\u001b[0m\r\n\u001b[39m  fix:       A bug fix\u001b[0m\r\n\u001b[1;36m> docs:      Documentation only changes\u001b[0m\r\n\u001b[39m  style:     Changes that do not affect the meaning of the code (white-space, formatting, missing semi-colons, etc) \u001b[0m\r\n\u001b[39m  refactor:  A code change that neither fixes a bug nor adds a feature\u001b[0m\r\n\u001b[39m  perf:      A code change that improves performance \u001b[0m\r\n\u001b[39m  test:      Adding missing tests or correcting existing tests\u001b[0m\r\n\u001b[39m  build:     Changes that affect the build system or external dependencies (example scopes: gulp, broccoli, npm)\u001b[0m\r\n\u001b[39m  ci:        Changes to our CI configuration files and scripts (example scopes: Travis, Circle, BrowserStack, SauceLabs)\u001b[0m\r\n\u001b[39m  chore:     Other changes that don't modify src or test files\u001b[0m\r\n\u001b[39m  revert:    Reverts a previous commit\u001b[0m\r\n"]
[9.927138, "o", "\u001b[?25h"]
