{"version": 2, "width": 118, "height": 19, "timestamp": 1595587294, "env": {"SHELL": "/usr/local/bin/zsh", "TERM": "xterm-256color"}}
[0.104501, "o", "\u001b]7;file://dafan.local/Users/dafan/soft/go/src/iamfan.net/ncmtest\u0007"]
[0.40962, "o", "\u001b[1m\u001b[7m%\u001b[27m\u001b[1m\u001b[0m                                                                                                                     \r \r"]
[0.410558, "o", "\u001b]7;file://dafan.local/Users/dafan/soft/go/src/iamfan.net/ncmtest\u0007"]
[0.41072, "o", "\u001b]2;dafan@dafan\u0007\u001b]1;..n.net/ncmtest\u0007"]
[0.412767, "o", "\u001b]7;file://dafan.local/Users/dafan/soft/go/src/iamfan.net/ncmtest\u0007"]
[0.527606, "o", "\r\u001b[0m\u001b[27m\u001b[24m\u001b[J╭─\u001b[1m\u001b[32mdafan@dafan\u001b[00m \u001b[1m\u001b[34m~/soft/go/src/iamfan.net/ncmtest\u001b[00m \u001b[31m‹›\u001b[00m \u001b[33m‹master*› \u001b[00m\u001b[00m\r\n╰─\u001b[1m$\u001b[0m \u001b[K\u001b[113C\u001b[1m\u001b[0m\u001b[113D"]
[0.527828, "o", "\u001b[?1h\u001b="]
[0.52796, "o", "\u001b[?2004h"]
[1.66189, "o", "n\u001b[92mcm uninit\u001b[39m\u001b[9D"]
[1.893921, "o", "\bn\u001b[39mc"]
[2.136858, "o", "\u001b[39mm"]
[2.333931, "o", "\u001b[39m "]
[2.736307, "o", "\u001b[39mi\u001b[2C\u001b[92mt\u001b[39m\u001b[39m \u001b[39m \b\b\b\b\b"]
[2.887757, "o", "\u001b[39mn"]
[3.082012, "o", "\u001b[39mi"]
[3.297923, "o", "\u001b[39mt"]
[3.61356, "o", "\u001b[?1l\u001b>"]
[3.613763, "o", "\u001b[?2004l\r\r\n"]
[3.614622, "o", "\u001b]2;ncm init\u0007\u001b]1;ncm\u0007"]
[3.645597, "o", "\u001b[1m\u001b[7m%\u001b[27m\u001b[1m\u001b[0m                                                                                                                     \r \r"]
[3.646438, "o", "\u001b]7;file://dafan.local/Users/dafan/soft/go/src/iamfan.net/ncmtest\u0007"]
[3.64659, "o", "\u001b]2;dafan@dafan\u0007\u001b]1;..n.net/ncmtest\u0007"]
[3.649348, "o", "\u001b]7;file://dafan.local/Users/dafan/soft/go/src/iamfan.net/ncmtest\u0007"]
[3.727915, "o", "\r\u001b[0m\u001b[27m\u001b[24m\u001b[J╭─\u001b[1m\u001b[32mdafan@dafan\u001b[00m \u001b[1m\u001b[34m~/soft/go/src/iamfan.net/ncmtest\u001b[00m \u001b[31m‹›\u001b[00m \u001b[33m‹master*› \u001b[00m\u001b[00m\r\n╰─\u001b[1m$\u001b[0m \u001b[K\u001b[113C\u001b[1m\u001b[0m\u001b[113D"]
[3.728095, "o", "\u001b[?1h\u001b=\u001b[?2004h"]
[5.088145, "o", "n\u001b[92mcm init\u001b[39m\b\b\b\b\b\b\b"]
[5.383309, "o", "\bn\u001b[39mc"]
[5.685367, "o", "\u001b[39mm"]
[5.922405, "o", "\u001b[39m "]
[6.101344, "o", "\u001b[39mi"]
[6.278642, "o", "\u001b[39mn"]
[6.483722, "o", "\u001b[39mi"]
[6.718753, "o", "\u001b[39mt"]
[7.120086, "o", "\u001b[?1l\u001b>\u001b[?2004l\r\r\n"]
[7.120749, "o", "\u001b]2;ncm init\u0007\u001b]1;ncm\u0007"]
[7.142394, "o", "\u001b[0G\u001b[2K"]
[7.143547, "o", "\u001b[1;92m? \u001b[0m\u001b[1;99moverwrite /Users/dafan/soft/go/src/iamfan.net/ncmtest/.git/hooks/commit-msg? \u001b[0m\u001b[37m(y/N) \u001b[0m"]
[7.143731, "o", "\u001b[?25l\u001b7\u001b[999;999f\u001b[6n"]
[7.144126, "o", "\u001b8\u001b[?25h\u001b[6n"]
[9.273663, "o", "y"]
[9.790687, "o", "\u001b[1D\u001b[1E\u001b[1F"]
[9.790787, "o", "\u001b[0G\u001b[2K"]
[9.790986, "o", "\u001b[1;92m? \u001b[0m\u001b[1;99moverwrite /Users/dafan/soft/go/src/iamfan.net/ncmtest/.git/hooks/commit-msg? \u001b[0m\u001b[36mYes\u001b[0m\r\n"]
[9.792159, "o", "\u001b[1m\u001b[7m%\u001b[27m\u001b[1m\u001b[0m                                                                                                                     \r \r"]
[9.793256, "o", "\u001b]7;file://dafan.local/Users/dafan/soft/go/src/iamfan.net/ncmtest\u0007"]
[9.793389, "o", "\u001b]2;dafan@dafan\u0007\u001b]1;..n.net/ncmtest\u0007"]
[9.796471, "o", "\u001b]7;file://dafan.local/Users/dafan/soft/go/src/iamfan.net/ncmtest\u0007"]
[9.871223, "o", "\r\u001b[0m\u001b[27m\u001b[24m\u001b[J╭─\u001b[1m\u001b[32mdafan@dafan\u001b[00m \u001b[1m\u001b[34m~/soft/go/src/iamfan.net/ncmtest\u001b[00m \u001b[31m‹›\u001b[00m \u001b[33m‹master*› \u001b[00m\u001b[00m\r\n╰─\u001b[1m$\u001b[0m \u001b[K\u001b[113C\u001b[1m\u001b[0m\u001b[113D"]
[9.871392, "o", "\u001b[?1h\u001b=\u001b[?2004h"]
[10.71377, "o", "n\u001b[92mcm init\u001b[39m\b\b\b\b\b\b\b"]
[11.060931, "o", "\bn\u001b[39mc"]
[11.276971, "o", "\u001b[39mm"]
[11.490627, "o", "\u001b[39m "]
[11.753297, "o", "\u001b[39mi"]
[11.925537, "o", "\u001b[39mn"]
[12.11693, "o", "\u001b[39mi"]
[12.370091, "o", "\u001b[39mt"]
[12.900374, "o", "\u001b[?1l\u001b>\u001b[?2004l\r\r\n"]
[12.90104, "o", "\u001b]2;ncm init\u0007\u001b]1;ncm\u0007"]
[12.921961, "o", "\u001b[0G\u001b[2K"]
[12.922798, "o", "\u001b[1;92m? \u001b[0m\u001b[1;99moverwrite /Users/dafan/soft/go/src/iamfan.net/ncmtest/.git/hooks/commit-msg? \u001b[0m\u001b[37m(y/N) \u001b[0m\u001b[?25l\u001b7\u001b[999;999f\u001b[6n"]
[12.923207, "o", "\u001b8\u001b[?25h\u001b[6n"]
[14.878057, "o", "N"]
[15.341837, "o", "\u001b[1D\u001b[1E\u001b[1F"]
[15.342056, "o", "\u001b[0G\u001b[2K\u001b[1;92m? \u001b[0m\u001b[1;99moverwrite /Users/dafan/soft/go/src/iamfan.net/ncmtest/.git/hooks/commit-msg? \u001b[0m\u001b[36mNo\u001b[0m\r\n"]
[15.342979, "o", "\u001b[1m\u001b[7m%\u001b[27m\u001b[1m\u001b[0m                                                                                                                     \r \r"]
[15.344492, "o", "\u001b]7;file://dafan.local/Users/dafan/soft/go/src/iamfan.net/ncmtest\u0007"]
[15.34469, "o", "\u001b]2;dafan@dafan\u0007\u001b]1;..n.net/ncmtest\u0007"]
[15.347568, "o", "\u001b]7;file://dafan.local/Users/dafan/soft/go/src/iamfan.net/ncmtest\u0007"]
[15.42402, "o", "\r\u001b[0m\u001b[27m\u001b[24m\u001b[J╭─\u001b[1m\u001b[32mdafan@dafan\u001b[00m \u001b[1m\u001b[34m~/soft/go/src/iamfan.net/ncmtest\u001b[00m \u001b[31m‹›\u001b[00m \u001b[33m‹master*› \u001b[00m\u001b[00m\r\n╰─\u001b[1m$\u001b[0m \u001b[K\u001b[113C\u001b[1m\u001b[0m\u001b[113D"]
[15.424192, "o", "\u001b[?1h\u001b=\u001b[?2004h"]
[16.129628, "o", "n\u001b[92mcm init\u001b[39m\b\b\b\b\b\b\b"]
[16.396048, "o", "\bn\u001b[39mc"]
[16.690218, "o", "\u001b[39mm"]
[16.954297, "o", "\u001b[39m "]
[17.082661, "o", "\u001b[39mi"]
[17.2504, "o", "\u001b[39mn"]
[17.436903, "o", "\u001b[39mi"]
[17.663101, "o", "\u001b[39mt"]
[18.30928, "o", "\u001b[?1l\u001b>\u001b[?2004l\r\r\n"]
[18.31009, "o", "\u001b]2;ncm init\u0007\u001b]1;ncm\u0007"]
[18.332077, "o", "\u001b[0G\u001b[2K"]
[18.333114, "o", "\u001b[1;92m? \u001b[0m\u001b[1;99moverwrite /Users/dafan/soft/go/src/iamfan.net/ncmtest/.git/hooks/commit-msg? \u001b[0m\u001b[37m(y/N) \u001b[0m"]
[18.333244, "o", "\u001b[?25l\u001b7\u001b[999;999f\u001b[6n"]
[18.333622, "o", "\u001b8\u001b[?25h\u001b[6n"]
[20.454677, "o", "\u001b[1E\u001b[1F"]
[20.454981, "o", "\u001b[0G\u001b[2K\u001b[1;92m? \u001b[0m\u001b[1;99moverwrite /Users/dafan/soft/go/src/iamfan.net/ncmtest/.git/hooks/commit-msg? \u001b[0m\u001b[36mNo\u001b[0m\r\n"]
[20.456003, "o", "\u001b[1m\u001b[7m%\u001b[27m\u001b[1m\u001b[0m                                                                                                                     \r \r"]
[20.4571, "o", "\u001b]7;file://dafan.local/Users/dafan/soft/go/src/iamfan.net/ncmtest\u0007"]
[20.457282, "o", "\u001b]2;dafan@dafan\u0007"]
[20.457425, "o", "\u001b]1;..n.net/ncmtest\u0007"]
[20.460308, "o", "\u001b]7;file://dafan.local/Users/dafan/soft/go/src/iamfan.net/ncmtest\u0007"]
[20.536018, "o", "\r\u001b[0m\u001b[27m\u001b[24m\u001b[J╭─\u001b[1m\u001b[32mdafan@dafan\u001b[00m \u001b[1m\u001b[34m~/soft/go/src/iamfan.net/ncmtest\u001b[00m \u001b[31m‹›\u001b[00m \u001b[33m‹master*› \u001b[00m\u001b[00m\r\n╰─\u001b[1m$\u001b[0m \u001b[K\u001b[113C\u001b[1m\u001b[0m\u001b[113D"]
[20.536181, "o", "\u001b[?1h\u001b=\u001b[?2004h"]
[21.240285, "o", "n\u001b[92mcm init\u001b[39m\b\b\b\b\b\b\b"]
[21.671644, "o", "\bn\u001b[39mc"]
[22.067543, "o", "\u001b[39mm"]
[22.316327, "o", "\u001b[39m "]
[22.707748, "o", "\u001b[39mu\u001b[2C\u001b[92mn\u001b[92mit\u001b[39m\b\b\b\b\b"]
[22.994849, "o", "\u001b[39mn"]
[23.310849, "o", "\u001b[39mi"]
