{"version": 2, "width": 118, "height": 30, "timestamp": 1595590214, "env": {"SHELL": "/usr/local/bin/zsh", "TERM": "xterm-256color"}}
[0.091072, "o", "\u001b]7;file://dafan.local/Users/dafan/soft/go/src/iamfan.net/ncmtest\u0007"]
[0.373828, "o", "\u001b[1m\u001b[7m%\u001b[27m\u001b[1m\u001b[0m                                                                                                                     \r \r"]
[0.374713, "o", "\u001b]7;file://dafan.local/Users/dafan/soft/go/src/iamfan.net/ncmtest\u0007"]
[0.374942, "o", "\u001b]2;dafan@dafan\u0007\u001b]1;..n.net/ncmtest\u0007"]
[0.377006, "o", "\u001b]7;file://dafan.local/Users/dafan/soft/go/src/iamfan.net/ncmtest\u0007"]
[0.489043, "o", "\r\u001b[0m\u001b[27m\u001b[24m\u001b[J╭─\u001b[1m\u001b[32mdafan@dafan\u001b[00m \u001b[1m\u001b[34m~/soft/go/src/iamfan.net/ncmtest\u001b[00m \u001b[31m‹›\u001b[00m \u001b[33m‹master*› \u001b[00m\u001b[00m\r\n╰─\u001b[1m$\u001b[0m \u001b[K\u001b[113C\u001b[1m\u001b[0m\u001b[113D"]
[0.489337, "o", "\u001b[?1h\u001b="]
[0.489512, "o", "\u001b[?2004h"]
[1.14719, "o", "g\u001b[92mit status\u001b[39m\u001b[9D"]
[1.327255, "o", "\bg\u001b[39mi"]
[1.419092, "o", "\u001b[39mt"]
[1.539347, "o", "\u001b[39m "]
[1.73517, "o", "\u001b[39ms"]
[1.947702, "o", "\u001b[39mt"]
[2.149342, "o", "\u001b[39ma"]
[2.226893, "o", "\u001b[39mt"]
[2.46825, "o", "\u001b[39mu"]
[2.680698, "o", "\u001b[39ms"]
[2.902096, "o", "\u001b[?1l\u001b>"]
[2.902156, "o", "\u001b[?2004l\r\r\n"]
[2.90321, "o", "\u001b]2;git status\u0007\u001b]1;git\u0007"]
[2.922216, "o", "On branch master\r\n"]
[2.922442, "o", "Your branch is up to date with 'origin/master'.\r\n\r\nChanges not staged for commit:\r\n  (use \"git add <file>...\" to update what will be committed)\r\n  (use \"git restore <file>...\" to discard changes in working directory)\r\n\t\u001b[31mmodified:   main.go\u001b[m\r\n\r\n"]
[2.92254, "o", "no changes added to commit (use \"git add\" and/or \"git commit -a\")\r\n"]
[2.923084, "o", "\u001b[1m\u001b[7m%\u001b[27m\u001b[1m\u001b[0m                                                                                                                     \r \r"]
[2.924089, "o", "\u001b]7;file://dafan.local/Users/dafan/soft/go/src/iamfan.net/ncmtest\u0007"]
[2.92423, "o", "\u001b]2;dafan@dafan\u0007"]
[2.924376, "o", "\u001b]1;..n.net/ncmtest\u0007"]
[2.92789, "o", "\u001b]7;file://dafan.local/Users/dafan/soft/go/src/iamfan.net/ncmtest\u0007"]
[3.006619, "o", "\r\u001b[0m\u001b[27m\u001b[24m\u001b[J╭─\u001b[1m\u001b[32mdafan@dafan\u001b[00m \u001b[1m\u001b[34m~/soft/go/src/iamfan.net/ncmtest\u001b[00m \u001b[31m‹›\u001b[00m \u001b[33m‹master*› \u001b[00m\u001b[00m\r\n╰─\u001b[1m$\u001b[0m \u001b[K\u001b[113C\u001b[1m\u001b[0m\u001b[113D"]
[3.006791, "o", "\u001b[?1h\u001b=\u001b[?2004h"]
[4.513065, "o", "n\u001b[92mcm uninit\u001b[39m\u001b[9D"]
[4.865312, "o", "\bn\u001b[39mc"]
[5.116722, "o", "\u001b[39mm"]
[5.275121, "o", "\u001b[39m "]
[5.543821, "o", "\u001b[39mi\u001b[2C\u001b[92mt\u001b[39m\u001b[39m \u001b[39m \b\b\b\b\b"]
[5.722043, "o", "\u001b[39mn"]
[5.900994, "o", "\u001b[39mi"]
[6.095004, "o", "\u001b[39mt"]
[6.395937, "o", "\u001b[?1l\u001b>\u001b[?2004l\r\r\n"]
[6.396854, "o", "\u001b]2;ncm init\u0007\u001b]1;ncm\u0007"]
[6.420931, "o", "\u001b[1m\u001b[7m%\u001b[27m\u001b[1m\u001b[0m                                                                                                                     \r \r"]
[6.421848, "o", "\u001b]7;file://dafan.local/Users/dafan/soft/go/src/iamfan.net/ncmtest\u0007"]
[6.421972, "o", "\u001b]2;dafan@dafan\u0007\u001b]1;..n.net/ncmtest\u0007"]
[6.424508, "o", "\u001b]7;file://dafan.local/Users/dafan/soft/go/src/iamfan.net/ncmtest\u0007"]
[6.503338, "o", "\r\u001b[0m\u001b[27m\u001b[24m\u001b[J╭─\u001b[1m\u001b[32mdafan@dafan\u001b[00m \u001b[1m\u001b[34m~/soft/go/src/iamfan.net/ncmtest\u001b[00m \u001b[31m‹›\u001b[00m \u001b[33m‹master*› \u001b[00m\u001b[00m\r\n╰─\u001b[1m$\u001b[0m \u001b[K\u001b[113C\u001b[1m\u001b[0m\u001b[113D"]
[6.503524, "o", "\u001b[?1h\u001b=\u001b[?2004h"]
[7.849872, "o", "g\u001b[92mit status\u001b[39m\u001b[9D"]
[8.035987, "o", "\bg\u001b[39mi"]
[8.177991, "o", "\u001b[39mt"]
[8.254086, "o", "\u001b[39m "]
[8.489428, "o", "\u001b[39mc\u001b[92mo\u001b[92mm\u001b[92mm\u001b[92mi\u001b[92mt\u001b[92m -am \"change author email\"\u001b[39m\u001b[31D"]
[8.625886, "o", "\u001b[39mo"]
[8.823896, "o", "\u001b[39mm"]
[8.987176, "o", "\u001b[39mm"]
[9.367269, "o", "\u001b[39mi"]
[9.625934, "o", "\u001b[39mt"]
[9.751977, "o", "\u001b[39m "]
[10.347389, "o", "\u001b[39m-"]
[10.496822, "o", "\u001b[39ma"]
[10.666374, "o", "\u001b[39mm"]
[10.816831, "o", "\u001b[39m "]
[11.226615, "o", "\u001b[39m\""]
[11.648294, "o", "\u001b[39mc"]
[11.827913, "o", "\u001b[39mh"]
[12.230771, "o", "\u001b[39ma"]
[12.564502, "o", "\u001b[39mn"]
[12.807949, "o", "\u001b[39mg"]
[12.969833, "o", "\u001b[39me"]
[13.348346, "o", "\u001b[39m "]
[13.51416, "o", "\u001b[39ma"]
[13.719582, "o", "\u001b[39mu"]
[13.949576, "o", "\u001b[39mt"]
[14.085405, "o", "\u001b[39mh"]
[14.341136, "o", "\u001b[39mo"]
[14.569705, "o", "\u001b[39mr"]
[14.789859, "o", "\u001b[39m "]
[15.118719, "o", "\u001b[39me"]
[15.289009, "o", "\u001b[39mm"]
[15.457939, "o", "\u001b[39ma"]
[15.610801, "o", "\u001b[39mi"]
[16.026776, "o", "\u001b[39ml"]
[17.580193, "o", "\u001b[39m\""]
[18.105137, "o", "\u001b[?1l\u001b>\u001b[?2004l\r\r\n"]
[18.106057, "o", "\u001b]2;git commit -am \"change author email\"\u0007\u001b]1;git\u0007"]
[18.483949, "o", "\u001b[31msome help: https://www.conventionalcommits.org\r\nthe format of the message must be:\r\n<type>(<scope>): <subject>\r\n<BLANK LINE>\r\n<body>\r\n<BLANK LINE>\r\n<footer>\u001b[0m\r\n"]
[18.485566, "o", "\u001b[1m\u001b[7m%\u001b[27m\u001b[1m\u001b[0m                                                                                                                     \r \r"]
[18.486511, "o", "\u001b]7;file://dafan.local/Users/dafan/soft/go/src/iamfan.net/ncmtest\u0007"]
[18.486621, "o", "\u001b]2;dafan@dafan\u0007\u001b]1;..n.net/ncmtest\u0007"]
[18.489599, "o", "\u001b]7;file://dafan.local/Users/dafan/soft/go/src/iamfan.net/ncmtest\u0007"]
[18.568488, "o", "\r\u001b[0m\u001b[27m\u001b[24m\u001b[J╭─\u001b[1m\u001b[32mdafan@dafan\u001b[00m \u001b[1m\u001b[34m~/soft/go/src/iamfan.net/ncmtest\u001b[00m \u001b[31m‹›\u001b[00m \u001b[33m‹master*› \u001b[00m\u001b[00m\r\n╰─\u001b[1m$\u001b[0m \u001b[K\u001b[110C\u001b[1m\u001b[31m1 ↵\u001b[00m\u001b[0m\u001b[113D"]
[18.568658, "o", "\u001b[?1h\u001b=\u001b[?2004h"]
[20.227425, "o", "\u001b[?2004l\r\r\n"]
